{
  "correlation": {
    "pearson_r": -0.3200663798972603,
    "p_value": 0.0570372496883088
  },
  "cross_correlation": {
    "best_lag": -2,
    "correlation": -0.39333001064658896
  },
  "granger": {
    "1": 0.18411687352020742,
    "2": 0.06484313118745383,
    "3": 0.18441305963264548,
    "4": 0.41263052299067354
  }
}